
{
  "data": [
  {
    "id": "FS-1001",
    "name": "02-06-2022",
    "paymentdate": "02-06-2022",
    "country": {
      "name": "FS00256",
      "code": "eg"
    },
    "company": "Jeffrey A Esq",
    "date": "$656.00",
    "status": "Paid",
    "method":"cash",
    "subject":"Math",
    "year":"Year -01",
    "activity": 0,
    "representative": {
      "name": "Amy Elsner",
      "image": "amyelsner.png"
    }
  },
  {
    "id": "FS-1002",
    "name": "05-06-2022",
    "paymentdate": "02-06-2022",
    "country": {
      "name": "FS00255",
      "code": "pa"
    },
    "company": "James L Cpa",
    "date": "$500.00",
    "status": "Paid",
    "method":"cash",
    "subject":"Math",
    "year":"Year -01",
    "activity": 63,
    "representative": {
      "name": "Asiya Javayant",
      "image": "asiyajavayant.png"
    }
  },
  {
    "id": "FS-1003",
    "paymentdate": "02-06-2022",
    "name": "03-06-2022",
    "country": {
      "name": "FS00255",
      "code": "si"
    },
    "company": "inting Service",
    "date": "$500.00",
    "status": "Paid",
    "method":"cash",
    "subject":"Math",
    "year":"Year -01",
  "activity": 37,
    "representative": {
      "name": "Xuxue Feng",
      "image": "xuxuefeng.png"
    }
  },
  {
    "id": "FS-1004",
    "paymentdate": "02-06-2022",
    "name": "11-06-2022",
    "country": {
      "name": "FS0025",
      "code": "za"
    },
    "company": " Dimensions",
    "date": "$800.00",
    "status": "Paid",
    "method":"cash",
    "subject":"Math",
    "year":"Year -01",
    "activity": 33,
    "representative": {
      "name": "Asiya Javayant",
      "image": "asiyajavayant.png"
    }
  },
  {
    "id": "FS-1005",
    "paymentdate": "02-06-2022",
    "name": "05-06-2022",
    "country": {
      "name": "FS00256",
      "code": "eg"
    },
    "company": " Ross E Esq",
    "date": "$820.00",
    "status": "Paid",
    "method":"cash",
    "subject":"Math",
    "year":"Year -01",
    "activity": 68,
    "representative": {
      "name": "Ivan Magalhaes",
      "image": "ivanmagalhaes.png"
    }
  },
  {
    "id": "FS-1006",
    "paymentdate": "02-06-2022",
    "name": "13-06-2022",
    "country": {
      "name": "FS00287",
      "code": "py"
    },
    "company": "Associates",
    "date": "$550.00",
    "status": "Paid",
    "method":"cash",
    "subject":"Math",
    "year":"Year -01",
    "activity": 54,
    "representative": {
      "name": "Ivan Magalhaes",
      "image": "ivanmagalhaes.png"
    }
  },
  {
    "id": "FS-1007",
    "paymentdate": "02-06-2022",
    "name": "15-07-2022",
    "country": {
      "name": "FS00287",
      "code": "rs"
    },
    "company": "al Press",
    "date": "$980.00",
    "status": "Paid",
    "method":"cash",
    "subject":"Math",
    "year":"Year -01",
    "activity": 69,
    "representative": {
      "name": "Onyama Limba",
      "image": "onyamalimba.png"
    }
  },
  {
    "id": "FS-1008",
    "paymentdate": "02-06-2022",
    "name": "03-07-2022",
    "country": {
      "name": "FS00287",
      "code": "eg"
    },
    "company": "And Truhlar Attys",
    "date": "$1120.00",
    "status": "Paid",
    "method":"cash",
    "subject":"Math",
    "year":"Year -01",
    "activity": 76,
    "representative": {
      "name": "Ivan Magalhaes",
      "image": "ivanmagalhaes.png"
    }
  },
  {
    "id": "FS-1009",
    "paymentdate": "02-06-2022",
    "name": "05-07-2022",
    "country": {
      "name": "FS65232",
      "code": "mx"
    },
    "company": "ristopher A Esq",
    "date": "$256.00",
    "status": "Paid",
    "method":"cash",
    "subject":"Math",
    "year":"Year -01",
    "activity": 3,
    "representative": {
      "name": "Onyama Limba",
      "image": "onyamalimba.png"
    }
  },
  {
    "id": "FS-1010",
    "paymentdate": "02-06-2022",
    "name": "09-07-2022",
    "country": {
      "name": "FS02858",
      "code": "ro"
    },
    "company": "mes J Esq",
    "date": "$320.00",
    "status": "Paid",
    "method":"cash",
    "subject":"Math",
    "year":"Year -01",
    "activity": 38,
    "representative": {
      "name": "Anna Fali",
      "image": "annafali.png"
    }
  },
  {
    "id": "FS-1011",
    "paymentdate": "02-06-2022",
    "name": "12-07-2022",
    "country": {
      "name": "FS00287",
      "code": "sg"
    },
    "company": "Of Florence",
    "date": "$256.00",
    "status": "Paid",
    "method":"cash",
    "subject":"Math",
    "year":"Year -01",
    "activity": 87,
    "representative": {
      "name": "Bernardo Dominic",
      "image": "bernardodominic.png"
    }
  },
  {
    "id": "FS-1012",
    "paymentdate": "02-06-2022",
    "name": "11-07-2022",
    "country": {
      "name": "FS00212",
      "code": "rs"
    },
    "company": "ros",
    "date": "$700.00",
    "status": "Paid",
    "method":"cash",
    "subject":"Math",
    "year":"Year -01",
    "activity": 80,
    "representative": {
      "name": "Onyama Limba",
      "image": "onyamalimba.png"
    }
  },
  {
    "id": "FS-1013",
    "paymentdate": "02-06-2022",
    "name": "Graciela Ruta",
    "country": {
      "name": "Chile",
      "code": "cl"
    },
    "company": "Miller \u0026 Wright",
    "date": "$256.00",
    "status": "Paid",
    "method":"cash",
    "subject":"Math",
    "year":"Year -01",
    "activity": 59,
    "representative": {
      "name": "Amy Elsner",
      "image": "amyelsner.png"
    }
  },
  {
    "id": "FS-1014",
    "paymentdate": "02-06-2022",
    "name": "Cammy Albares",
    "country": {
      "name": "Philippines",
      "code": "ph"
    },
    "company": "x, Michael Esq",
    "date": "$256.00",
    "status": "new",

"method":"cash",
"subject":"Math",
"year":"Year -01",      "activity": 90,
    "representative": {
      "name": "Asiya Javayant",
      "image": "asiyajavayant.png"
    }
  },
  {
    "id": "FS-1015",
    "paymentdate": "02-06-2022",
    "name": "Mattie Poquette",
    "country": {
      "name": "Venezuela",
      "code": "ve"
    },
    "company": "Communications",
    "date": "$256.00",
    "status": "negoti",
    "method":"cash",
    "subject":"Math",
    "year":"Year -01",
    "activity": 52,
    "representative": {
      "name": "Anna Fali",
      "image": "annafali.png"
    }
  },
  {
    "id": "FS-1016",
    "paymentdate": "02-06-2022",
    "name": "Meaghan Garufi",
    "country": {
      "name": "Malaysia",
      "code": "my"
    },
    "company": "Wilbur Esq",
    "date": "$256.00",
    "status": "unqual",
    "method":"cash",
    "subject":"Math",
    "year":"Year -01",
    "activity": 31,
    "representative": {
      "name": "Ivan Magalhaes",
      "image": "ivanmagalhaes.png"
    }
  },
  {
    "id": "FS-1065",
    "paymentdate": "02-06-2022",
    "name": "Tawna Buvens",
    "country": {
      "name": "Indonesia",
      "code": "id"
    },
    "company": "terprises Inc",
    "date": "$256.00",
    "status": "new",

"method":"cash",
"subject":"Math",
"year":"Year -01",      "activity": 25,
    "representative": {
      "name": "Amy Elsner",
      "image": "amyelsner.png"
    }
  },
  {
    "id": "FS-1066",
    "paymentdate": "02-06-2022",
    "name": "Penney Weight",
    "country": {
      "name": "South Africa",
      "code": "za"
    },
    "company": " King Hotel",
    "date": "$256.00",
    "status": "qualif",
    "method":"cash",
    "subject":"Math",
    "year":"Year -01",
    "activity": 96,
    "representative": {
      "name": "Amy Elsner",
      "image": "amyelsner.png"
    }
  },
  {
    "id": "FS-1067",
    "paymentdate": "02-06-2022",
    "name": "Elly Morocco",
    "country": {
      "name": "Thailand",
      "code": "th"
    },
    "company": "Industries",
    "date": "$256.00",
    "status": "qualif",
    "method":"cash",
    "subject":"Math",
    "year":"Year -01",
    "activity": 38,
    "representative": {
      "name": "Xuxue Feng",
      "image": "xuxuefeng.png"
    }
  },
  {
    "id": "FS-1068",
    "paymentdate": "02-06-2022",
    "name": "Ilene Eroman",
    "country": {
      "name": "Netherlands",
      "code": "nl"
    },
    "company": ", William J Esq",
    "date": "$256.00",
    "status": "new",

"method":"cash",
"subject":"Math",
"year":"Year -01",      "activity": 49,
    "representative": {
      "name": "Anna Fali",
      "image": "annafali.png"
    }
  },
  {
    "id": "FS-1069",
    "paymentdate": "02-06-2022",
    "name": "Vallie Mondella",
    "country": {
      "name": "Latvia",
      "code": "lv"
    },
    "company": "Properties",
    "date": "$256.00",
    "status": "new",

"method":"cash",
"subject":"Math",
"year":"Year -01",      "activity": 16,
    "representative": {
      "name": "Ivan Magalhaes",
      "image": "ivanmagalhaes.png"
    }
  },
  {
    "id": "FS-1070",
    "paymentdate": "02-06-2022",
    "name": "Kallie Blackwood",
    "country": {
      "name": "Iceland",
      "code": "is"
    },
    "company": "chlimgen Inc",
    "date": "$256.00",
    "status": "unqual",
    "method":"cash",
    "subject":"Math",
    "year":"Year -01",
    "activity": 25,
    "representative": {
      "name": "Amy Elsner",
      "image": "amyelsner.png"
    }
  },
  {
    "id": "FS-1071",
    "paymentdate": "02-06-2022",
    "name": "Johnetta Abdallah",
    "country": {
      "name": "Netherlands",
      "code": "nl"
    },
    "company": "Specialties",
    "date": "$256.00",
    "status": "new",

"method":"cash",
"subject":"Math",
"year":"Year -01",      "activity": 16,
    "representative": {
      "name": "Elwin Sharvill",
      "image": "elwinsharvill.png"
    }
  },
  {
    "id": "FS-1072",
    "paymentdate": "02-06-2022",
    "name": "Bobbye Rhym",
    "country": {
      "name": "Ukraine",
      "code": "ua"
    },
    "company": "atricia Garity",
    "date": "$256.00",
    "status": "qualif",
    "method":"cash",
    "subject":"Math",
    "year":"Year -01",
    "activity": 85,
    "representative": {
      "name": "Xuxue Feng",
      "image": "xuxuefeng.png"
    }
  },
  {
    "id": "FS-1076",
    "paymentdate": "02-06-2022",
    "name": "Laurel Reitler",
    "country": {
      "name": "United Kingdom",
      "code": "gb"
    },
    "company": "ice",
    "date": "$256.00",
    "status": "negoti",
    "method":"cash",
    "subject":"Math",
    "year":"Year -01",
    "activity": 80,
    "representative": {
      "name": "Amy Elsner",
      "image": "amyelsner.png"
    }
  },
  {
    "id": "FS-1077",
    "paymentdate": "02-06-2022",
    "name": "Delisa Crupi",
    "country": {
      "name": "Taiwan",
      "code": "tw"
    },
    "company": "026 Whitacre Contractors",
    "date": "$256.00",
    "status": "unqual",
    "method":"cash",
    "subject":"Math",
    "year":"Year -01",
    "activity": 70,
    "representative": {
      "name": "Xuxue Feng",
      "image": "xuxuefeng.png"
    }
  },
  {
    "id": "FS-1078",
    "paymentdate": "02-06-2022",
    "name": "Viva Toelkes",
    "country": {
      "name": "United States",
      "code": "us"
    },
    "company": "Press Ltd",
    "date": "$256.00",
    "status": "qualif",
    "method":"cash",
    "subject":"Math",
    "year":"Year -01",
    "activity": 16,
    "representative": {
      "name": "Stephen Shaw",
      "image": "stephenshaw.png"
    }
  },
  {
    "id": "FS-1079",
    "paymentdate": "02-06-2022",
    "name": "Elza Lipke",
    "country": {
      "name": "Ireland",
      "code": "ie"
    },
    "company": "f Science \u0026 Industry",
    "date": "$256.00",
    "status": "propos",
    "method":"cash",
    "subject":"Math",
    "year":"Year -01",
    "activity": 90,
    "representative": {
      "name": "Elwin Sharvill",
      "image": "elwinsharvill.png"
    }
  },
  {
    "id": "FS-1080",
    "paymentdate": "02-06-2022",
    "name": "Devorah Chickering",
    "country": {
      "name": "Spain",
      "code": "es"
    },
    "company": " Ind",
    "date": "$256.00",
    "status": "propos",
    "method":"cash",
    "subject":"Math",
    "year":"Year -01",
    "activity": 96,
    "representative": {
      "name": "Asiya Javayant",
      "image": "asiyajavayant.png"
    }
  },
 {
    "id": "FS-1089",
    "paymentdate": "02-06-2022",
    "name": "Tyra Shields",
    "country": {
      "name": "Honduras",
      "code": "hn"
    },
    "company": "Anne H Esq",
    "date": "$256.00",
    "status": "negoti",
    "method":"cash",
    "subject":"Math",
    "year":"Year -01",
    "activity": 11,
    "representative": {
      "name": "Anna Fali",
      "image": "annafali.png"
    }
  },
  {
    "id": "FS-1096",
    "paymentdate": "02-06-2022",
    "name": "Malinda Hochard",
    "country": {
      "name": "FS0028312",
      "code": "rs"
    },
    "company": "morial Hospital",
    "date": "$256.00",
    "status": "new",

"method":"cash",
"subject":"Math",
"year":"Year -01",      "activity": 88,
    "representative": {
      "name": "Asiya Javayant",
      "image": "asiyajavayant.png"
    }
  },
  {
    "id": "FS-1097",
    "paymentdate": "02-06-2022",
    "name": "Natalie Fern",
    "country": {
      "name": "Canada",
      "code": "ca"
    },
    "company": "harles G Esq",
    "date": "$256.00",
    "status": "propos",
    "method":"cash",
    "subject":"Math",
    "year":"Year -01",
    "activity": 44,
    "representative": {
      "name": "Amy Elsner",
      "image": "amyelsner.png"
    }
  },
  {
    "id": "FS-1098",
    "paymentdate": "02-06-2022",
    "name": "Lisha Centini",
    "country": {
      "name": "Netherlands",
      "code": "nl"
    },
    "company": "al Paper Shredders Inc",
    "date": "$256.00",
    "status": "new",

"method":"cash",
"subject":"Math",
"year":"Year -01",      "activity": 7,
    "representative": {
      "name": "Ioni Bowcher",
      "image": "ionibowcher.png"
    }
  },
  {
    "id": "FS-1099",
    "paymentdate": "02-06-2022",
    "name": "Arlene Klusman",
    "country": {
      "name": "Jamaica",
      "code": "jm"
    },
    "company": "izon Builders",
    "date": "$256.00",
    "status": "propos",
    "method":"cash",
    "subject":"Math",
    "year":"Year -01",
    "activity": 99,
    "representative": {
      "name": "Elwin Sharvill",
      "image": "elwinsharvill.png"
    }
  },
  {
    "id": "FS-1100",
    "paymentdate": "02-06-2022",
    "name": "Alease Buemi",
    "country": {
      "name": "Costa Rica",
      "code": "cr"
    },
    "company": "yo At Hawks Cay",
    "date": "$256.00",
    "status": "unqual",
    "method":"cash",
    "subject":"Math",
    "year":"Year -01",
    "activity": 0,
    "representative": {
      "name": "Onyama Limba",
      "image": "onyamalimba.png"
    }
  },
  {
    "id": "FS-1101",
    "paymentdate": "02-06-2022",
    "name": "Louisa Cronauer",
    "country": {
      "name": "Costa Rica",
      "code": "cr"
    },
    "company": "Grove Museum Ntrl Hist",
    "date": "$256.00",
    "status": "qualif",
    "method":"cash",
    "subject":"Math",
    "year":"Year -01",
    "activity": 3,
    "representative": {
      "name": "Anna Fali",
      "image": "annafali.png"
    }
  },
  {
    "id": "FS-1102",
    "paymentdate": "02-06-2022",
    "name": "Angella Cetta",
    "country": {
      "name": "Vietnam",
      "code": "vn"
    },
    "company": "u0026 Hatley Pc",
    "date": "$256.00",
    "status": "qualif",
    "method":"cash",
    "subject":"Math",
    "year":"Year -01",
    "activity": 88,
    "representative": {
      "name": "Ivan Magalhaes",
      "image": "ivanmagalhaes.png"
    }
  },
  {
    "id": "FS-1103",
    "paymentdate": "02-06-2022",
    "name": "Cyndy Goldammer",
    "country": {
      "name": "Burkina Faso",
      "code": "bf"
    },
    "company": "ina J \u0026 Son",
    "date": "$256.00",
    "status": "unqual",
    "method":"cash",
    "subject":"Math",
    "year":"Year -01",
    "activity": 92,
    "representative": {
      "name": "Stephen Shaw",
      "image": "stephenshaw.png"
    }
  },
  {
    "id": "FS-1104",
    "paymentdate": "02-06-2022",
    "name": "Rosio Cork",
    "country": {
      "name": "FS00287",
      "code": "sg"
    },
    "company": "ddess",
    "date": "$256.00",
    "status": "negoti",
    "method":"cash",
    "subject":"Math",
    "year":"Year -01",
    "activity": 19,
    "representative": {
      "name": "Asiya Javayant",
      "image": "asiyajavayant.png"
    }
  },
  {
    "id": "FS-1105",
    "paymentdate": "02-06-2022",
    "name": "Celeste Korando",
    "country": {
      "name": "Costa Rica",
      "code": "cr"
    },
    "company": " Arts \u0026 Graphics",
    "date": "$256.00",
    "status": "propos",
    "method":"cash",
    "subject":"Math",
    "year":"Year -01",
    "activity": 21,
    "representative": {
      "name": "Amy Elsner",
      "image": "amyelsner.png"
    }
  },
  {
    "id": "FS-1106",
    "paymentdate": "02-06-2022",
    "name": "Twana Felger",
    "country": {
      "name": "Croatia",
      "code": "hr"
    },
    "company": " Hotel",
    "date": "$256.00",
    "status": "negoti",
    "method":"cash",
    "subject":"Math",
    "year":"Year -01",
    "activity": 97,
    "representative": {
      "name": "Ioni Bowcher",
      "image": "ionibowcher.png"
    }
  },
  {
    "id": "FS-1107",
    "paymentdate": "02-06-2022",
    "name": "Estrella Samu",
    "country": {
      "name": "Vietnam",
      "code": "vn"
    },
    "company": "Devices Pubg Co",
    "date": "$256.00",
    "status": "unqual",
    "method":"cash",
    "subject":"Math",
    "year":"Year -01",
    "activity": 27,
    "representative": {
      "name": "Bernardo Dominic",
      "image": "bernardodominic.png"
    }
  },
  {
    "id": "FS-1108",
    "paymentdate": "02-06-2022",
    "name": "Donte Kines",
    "country": {
      "name": "Slovakia",
      "code": "sk"
    },
    "company": "ustries Inc",
    "date": "$256.00",
    "status": "new",

"method":"cash",
"subject":"Math",
"year":"Year -01",      "activity": 35,
    "representative": {
      "name": "Onyama Limba",
      "image": "onyamalimba.png"
    }
  },
  {
    "id": "FS-1109",
    "paymentdate": "02-06-2022",
    "name": "Tiffiny Steffensmeier",
    "country": {
      "name": "Pakistan",
      "code": "pk"
    },
    "company": "l Robbins Labs Divsn",
    "date": "$256.00",
    "status": "new",

"method":"cash",
"subject":"Math",
"year":"Year -01",      "activity": 81,
    "representative": {
      "name": "Ivan Magalhaes",
      "image": "ivanmagalhaes.png"
    }
  }
]
}


