
{
  "data": [
    {
      "teacherName":"Teacher Name",
      "email":"email@gmail.com",
      "id":"021524",
      "mobile":"02552235"
    },
    {
      "teacherName":"Teacher Name",
      "email":"email@gmail.com",
      "id":"021525",
      "mobile":"02552235"
    },
    {
      "teacherName":"Teacher Name",
      "email":"email@gmail.com",
      "id":"021526",
      "mobile":"02552235"
    },
    {
      "teacherName":"Teacher Name",
      "email":"email@gmail.com",
      "id":"021527",
      "mobile":"02552235"
    },
    {
      "teacherName":"Teacher Name",
      "email":"email@gmail.com",
      "id":"021528",
      "mobile":"02552235"
    },
    {
      "teacherName":"Teacher Name",
      "email":"email@gmail.com",
      "id":"021529",
      "mobile":"02552235"
    },
    {
      "teacherName":"Teacher Name",
      "email":"email@gmail.com",
      "id":"021530",
      "mobile":"02552235"
    }
    ,
    {
      "teacherName":"Teacher Name",
      "email":"email@gmail.com",
      "id":"021519",
      "mobile":"02552235"
    }
    ,
    {
      "teacherName":"Teacher Name",
      "email":"email@gmail.com",
      "id":"021539",
      "mobile":"02552235"
    },
    {
      "teacherName":"Teacher Name",
      "email":"email@gmail.com",
      "id":"021539",
      "mobile":"02552235"
    },
    {
      "teacherName":"Teacher Name",
      "email":"email@gmail.com",
      "id":"021589",
      "mobile":"02552235"
    }

]
}